http://i.imgur.com/TKLs9lo.jpg,#FA0D3B,#91B1FF,#EAECF5
http://i.imgur.com/FApqk3D.jpg,#DE0110,#FADCE6,#CFE7F5
http://i.imgur.com/lcEUZHv.jpg,#2C491E,#8698FE,#EA922E
https://i.redd.it/4m5yk8gjrtzy.jpg,#85796B,#A16259,#6A433E
https://i.redd.it/1nlgrn49x7ry.jpg,#C4B7B3,#F4EADD,#B9A58A
https://i.redd.it/s5viyluv421z.jpg,#635447,#EFDA89,#8C674B
https://i.redd.it/h5t3qddvvzry.jpg,#311A16,#614D40,#B37E54
https://i.redd.it/xae65ypfqycy.jpg,#77636D,#8E615E,#98726F
https://i.redd.it/w5q6gldnvcuy.jpg,#F0D5D0,#B66892,#451612
http://i.imgur.com/sXhEQez.jpg,#787681,#111016,#262A2A
https://i.redd.it/cwljeujku33z.jpg,#B29A68,#E6EDF1,#E198B7
https://i.redd.it/fsuv32a1cc9y.jpg,#F7C1B1,#220607,#827B67
http://i.imgur.com/M3NOzLC.jpg,#8B270E,#778C7B,#DDB0AC
http://i.imgur.com/tyDhTll.jpg,#464450,#585953,#2D1B03
http://i.imgur.com/puEqa4C.jpg,#B63C25,#A07F88,#C95546
https://i.redd.it/ihczg3pmle3z.jpg,#778574,#ACBBA6,#94997D
https://i.redd.it/d8021b5i2moy.jpg,#6A9C83,#1C5E53,#2D233C
https://i.redd.it/cpkq97klre4z.jpg,#45716A,#42716B,#9F8576
http://i.imgur.com/RycdbMO.jpg,#6F8771,#508593,#5B4C5F
https://i.redd.it/n9jq5j2tatcy.jpg,#526D72,#E8EAD1,#F8FFF9
https://i.redd.it/sn7ufk9fsv4z.jpg,#FFDCEA,#8B3337,#5A5D28
http://i.imgur.com/pt9rmrv.jpg,#C98F5F,#285280,#6A3032
http://i.imgur.com/6pnYQUv.jpg,#477AA9,#7F6E50,#AA9E92
https://i.redd.it/0qow2dksb34z.jpg,#CA9762,#7D8B67,#487C0E
https://i.redd.it/rubsfuf64lvy.jpg,#898E72,#181D17,#AD9271
https://i.redd.it/7ofdqmp53bzy.jpg,#CCBC8B,#AF9983,#121204
https://i.redd.it/ftd3sx5ah13z.jpg,#5F583C,#D5B3A9,#976331
https://i.redd.it/c5pk0vnpg3ty.jpg,#6A6C9F,#4B454D,#6773AF
https://i.redd.it/ru12lvaf7jyy.jpg,#663022,#BBC6CC,#6B767C
http://i.imgur.com/qvnjbVw.jpg,#585937,#62643F,#C8C3CB
https://i.redd.it/nrafqoujmety.jpg,#A2BDD2,#EFBCB5,#C7806E
https://i.redd.it/ax4eueu0szpy.jpg,#2C3E3E,#39493C,#DED3C9
https://i.imgur.com/HRgRMOw.jpg,#752F30,#996D64,#666493
https://i.redd.it/tb5pckm6e72y.jpg,#F7ECE6,#9E7756,#D5DDD2
https://i.redd.it/guul6eld2soy.jpg,#484B38,#A28287,#B6C5E8
https://i.redd.it/fyqzavufvjwy.jpg,#D2A66B,#FAAD81,#5E2921
http://i.imgur.com/FApqk3D.jpg,#009BE8,#E96477,#F4C624
http://i.imgur.com/TKLs9lo.jpg,#918E7B,#53625F,#F3FFF2
http://i.imgur.com/enhDnTM.jpg,#259CC3,#0F191D,#1B1E20
http://i.imgur.com/Gh2I3pq.jpg,#B07855,#473235,#261400
https://i.redd.it/4m5yk8gjrtzy.jpg,#7C655F,#AE907E,#220610
https://i.redd.it/m4cfqp8wfv5z.jpg,#3A2E1E,#798BB3,#5582A1
http://i.imgur.com/lcEUZHv.jpg,#FF8D34,#D592FD,#DDD514
https://i.redd.it/d8021b5i2moy.jpg,#CFBFD4,#934157,#E9D0E2
https://i.redd.it/1nlgrn49x7ry.jpg,#A89B7B,#1B2229,#A97543
https://i.redd.it/s5viyluv421z.jpg,#F5C996,#916E4E,#2B292A
https://i.redd.it/xae65ypfqycy.jpg,#82676C,#D7868D,#9F5266
https://i.redd.it/h5t3qddvvzry.jpg,#A7A49D,#3F2323,#584743
https://i.redd.it/w5q6gldnvcuy.jpg,#6A6988,#E3B7B6,#A6887D
http://i.imgur.com/sXhEQez.jpg,#F4F4F8,#201F25,#44424B
https://i.redd.it/cwljeujku33z.jpg,#996E99,#A7CC88,#D8ECD3
https://i.redd.it/lsuw4p2ncyny.jpg,#F0DD73,#553A0F,#C0BC77
https://i.redd.it/fsuv32a1cc9y.jpg,#654A39,#C29496,#A28D8A
http://i.imgur.com/tyDhTll.jpg,#573B24,#71503D,#434456
http://i.imgur.com/puEqa4C.jpg,#FF7A4F,#302A0E,#DE6546
http://i.imgur.com/M3NOzLC.jpg,#D7863F,#BD672C,#D1C6B6
https://i.redd.it/cpkq97klre4z.jpg,#526353,#CFA99C,#B27972
https://i.redd.it/ihczg3pmle3z.jpg,#5E626D,#002726,#9FA7B4
http://i.imgur.com/RycdbMO.jpg,#7D8F79,#23334A,#AF9981
https://i.redd.it/n9jq5j2tatcy.jpg,#C1ABA0,#D9DAC4,#928B85
https://i.redd.it/sn7ufk9fsv4z.jpg,#9597AE,#9E8777,#9C8E8D
http://i.imgur.com/pt9rmrv.jpg,#23577F,#DEBC9B,#E3B09D
http://i.imgur.com/6pnYQUv.jpg,#9FD2FF,#8BE3FF,#7ACEE2
https://i.redd.it/0qow2dksb34z.jpg,#3A4E0D,#986C51,#669746
https://i.redd.it/rubsfuf64lvy.jpg,#4A4BA5,#707E5A,#BAB9EF
https://i.imgur.com/HRgRMOw.jpg,#1A192D,#782D5C,#C5B5C4
https://i.redd.it/nrafqoujmety.jpg,#F4C873,#C87571,#B97981
https://i.redd.it/7ofdqmp53bzy.jpg,#BE7576,#863839,#5D5232
https://i.redd.it/c5pk0vnpg3ty.jpg,#2D2F39,#6B74C1,#9299C8
http://i.imgur.com/qvnjbVw.jpg,#6F6041,#96918D,#3D4047
https://i.redd.it/ru12lvaf7jyy.jpg,#67393A,#483B42,#1D0D04
https://i.redd.it/ftd3sx5ah13z.jpg,#BEBFA9,#968D6C,#DCD9BC
https://i.redd.it/ax4eueu0szpy.jpg,#789BAF,#A9AF8D,#6C898D
https://i.redd.it/tb5pckm6e72y.jpg,#4C2D16,#740E1A,#E3A746
https://i.redd.it/guul6eld2soy.jpg,#5F262B,#111EAE,#1D43A4
https://i.redd.it/fyqzavufvjwy.jpg,#656B77,#606152,#AC5E47
http://i.imgur.com/FApqk3D.jpg,#B2D8ED,#18A243,#1F87D0
http://i.imgur.com/TKLs9lo.jpg,#F9C86D,#D5FFFF,#323135
https://i.redd.it/m4cfqp8wfv5z.jpg,#C08F70,#315678,#989F76
http://i.imgur.com/enhDnTM.jpg,#D1E4EA,#4A4B4B,#E9F1F4
https://i.redd.it/d8021b5i2moy.jpg,#934D56,#9B3543,#8F7479
https://i.redd.it/4m5yk8gjrtzy.jpg,#886664,#813500,#6B4A2D
http://i.imgur.com/Gh2I3pq.jpg,#302829,#755139,#F3EDD5
https://i.redd.it/1nlgrn49x7ry.jpg,#773E29,#CAC2E5,#844A34
http://i.imgur.com/lcEUZHv.jpg,#F8B1FF,#60A2AE,#DA872B
https://i.redd.it/s5viyluv421z.jpg,#745634,#A97C53,#05221C
https://i.redd.it/xae65ypfqycy.jpg,#E5FFFE,#E5A1A2,#DDCEC7
https://i.redd.it/h5t3qddvvzry.jpg,#E8C5CF,#77542C,#A9A693
https://i.redd.it/w5q6gldnvcuy.jpg,#FEEDFF,#C7CBD6,#4C292B
http://i.imgur.com/sXhEQez.jpg,#07060A,#5F686F,#B7B8BF
https://i.redd.it/cwljeujku33z.jpg,#EAD9ED,#9F6152,#FFEBD6
https://i.redd.it/fsuv32a1cc9y.jpg,#DD8385,#AA947F,#87A25B
http://i.imgur.com/M3NOzLC.jpg,#F8FFF7,#E2BEBC,#E0C1B9
http://i.imgur.com/tyDhTll.jpg,#191A08,#734E2F,#51413F
http://i.imgur.com/puEqa4C.jpg,#CC2209,#C53B27,#A7A5B2
https://i.redd.it/lsuw4p2ncyny.jpg,#B5ACAF,#7B521A,#747F45
https://i.redd.it/ihczg3pmle3z.jpg,#8E9496,#8D8674,#24433A
https://i.redd.it/cpkq97klre4z.jpg,#445948,#4E5F4D,#556656
http://i.imgur.com/RycdbMO.jpg,#0F6DB5,#557D87,#BCD9C7
https://i.redd.it/n9jq5j2tatcy.jpg,#4E6672,#A07E74,#838987
https://i.redd.it/sn7ufk9fsv4z.jpg,#74AFAA,#D299A4,#61AB9E
http://i.imgur.com/pt9rmrv.jpg,#CA9D9A,#9FA5AF,#320B1A
http://i.imgur.com/6pnYQUv.jpg,#BEDFFC,#91CCFE,#B8CBD1
https://i.redd.it/0qow2dksb34z.jpg,#A39A93,#91BA3C,#D0BC8C
https://i.redd.it/rubsfuf64lvy.jpg,#CFD0D7,#919678,#8D7245
https://i.redd.it/7ofdqmp53bzy.jpg,#6E6844,#868897,#6E4237
https://i.redd.it/ftd3sx5ah13z.jpg,#6C603C,#EAC986,#A08B52
https://i.imgur.com/HRgRMOw.jpg,#E2977C,#973C41,#A3B4AC
https://i.redd.it/ru12lvaf7jyy.jpg,#561615,#392F3B,#1D0706
https://i.redd.it/c5pk0vnpg3ty.jpg,#CCCDD3,#F1F0E8,#97A0C9
http://i.imgur.com/qvnjbVw.jpg,#383F48,#3E4855,#ACAAA8
https://i.redd.it/nrafqoujmety.jpg,#4C2F3F,#8D4A1D,#FDCCAF
https://i.redd.it/ax4eueu0szpy.jpg,#4B5747,#F2EDF3,#4A5F4E
https://i.redd.it/tb5pckm6e72y.jpg,#84493B,#4C3A2E,#E57686
https://i.redd.it/guul6eld2soy.jpg,#0032DC,#B38D2A,#31445A
https://i.redd.it/fyqzavufvjwy.jpg,#998677,#6A341D,#582716
http://i.imgur.com/FApqk3D.jpg,#A3D1EA,#CBE9D9,#308DAE
http://i.imgur.com/TKLs9lo.jpg,#131015,#F6FDEA,#A18D46
https://i.redd.it/d8021b5i2moy.jpg,#B94B56,#5AACA2,#802D41
http://i.imgur.com/enhDnTM.jpg,#304C54,#CCE4EB,#0C1316
https://i.redd.it/4m5yk8gjrtzy.jpg,#103C33,#665D4E,#A17D71
http://i.imgur.com/Gh2I3pq.jpg,#E2C1AA,#2F212C,#F8CCAB
https://i.redd.it/1nlgrn49x7ry.jpg,#DCBB94,#1B1A0A,#7F6741
http://i.imgur.com/lcEUZHv.jpg,#AEB1BA,#15031F,#252A24
https://i.redd.it/m4cfqp8wfv5z.jpg,#E1BEAD,#A8BCD9,#958D69
https://i.redd.it/xae65ypfqycy.jpg,#3C2022,#A09B97,#AF3739
https://i.redd.it/h5t3qddvvzry.jpg,#F4DCCE,#795D47,#77502D
https://i.redd.it/s5viyluv421z.jpg,#352001,#B2B1A9,#312120
https://i.redd.it/w5q6gldnvcuy.jpg,#C2BEBD,#0C1041,#D7A596
http://i.imgur.com/sXhEQez.jpg,#3E3D43,#BFC0BD,#201E28
https://i.redd.it/cwljeujku33z.jpg,#2DA792,#E8C4D0,#68AC55
https://i.redd.it/fsuv32a1cc9y.jpg,#281D17,#29101A,#4B210F
http://i.imgur.com/M3NOzLC.jpg,#727F63,#97431C,#BEA094
https://i.redd.it/lsuw4p2ncyny.jpg,#D2C46D,#594518,#171248
http://i.imgur.com/tyDhTll.jpg,#968770,#5D585A,#8E8B86
http://i.imgur.com/puEqa4C.jpg,#837282,#EF5C3A,#DC3D1E
https://i.redd.it/ihczg3pmle3z.jpg,#8A9F8E,#3F5354,#A2ADAF
https://i.redd.it/cpkq97klre4z.jpg,#AF6B62,#756450,#B69983
http://i.imgur.com/RycdbMO.jpg,#C6CDC5,#CCD8D6,#1F75AE
https://i.redd.it/n9jq5j2tatcy.jpg,#997A65,#B9AA73,#B8A876
https://i.redd.it/sn7ufk9fsv4z.jpg,#64692F,#C1A3A3,#187C58
http://i.imgur.com/pt9rmrv.jpg,#EFEAE0,#382326,#F0D9D5
https://i.redd.it/0qow2dksb34z.jpg,#C1926E,#3C6105,#B1D36C
http://i.imgur.com/6pnYQUv.jpg,#4FB5FF,#C5DFE8,#6DBDFF
https://i.redd.it/rubsfuf64lvy.jpg,#8F9A89,#764B1E,#998C84
https://i.redd.it/nrafqoujmety.jpg,#5F6575,#362F10,#224040
https://i.imgur.com/HRgRMOw.jpg,#5C4F32,#6C6246,#7C5C45
https://i.redd.it/c5pk0vnpg3ty.jpg,#7178AE,#A9A9AB,#707D9F
https://i.redd.it/ru12lvaf7jyy.jpg,#813F27,#986A53,#C99D7C
http://i.imgur.com/qvnjbVw.jpg,#111721,#594B38,#929A85
https://i.redd.it/7ofdqmp53bzy.jpg,#AD827C,#B69784,#A6514E
https://i.redd.it/ax4eueu0szpy.jpg,#4F322A,#F2EEFB,#919AA3
https://i.redd.it/ftd3sx5ah13z.jpg,#FFC6BF,#FB997C,#C0906A
https://i.redd.it/tb5pckm6e72y.jpg,#A1533C,#A17364,#FFDAE0
https://i.redd.it/guul6eld2soy.jpg,#582200,#3233B7,#81869C
https://i.redd.it/fyqzavufvjwy.jpg,#5F5053,#A9AABE,#18261D
http://i.imgur.com/FApqk3D.jpg,#212121,#990015,#3A9AD4
http://i.imgur.com/TKLs9lo.jpg,#F1FFEE,#CBD6E4,#E91428
http://i.imgur.com/Gh2I3pq.jpg,#795F60,#A79A7C,#6B504F
https://i.redd.it/4m5yk8gjrtzy.jpg,#61574E,#C4A592,#0E0007
https://i.redd.it/d8021b5i2moy.jpg,#1EA899,#D49B8C,#360902
http://i.imgur.com/lcEUZHv.jpg,#458435,#DA8A19,#D79ED7
http://i.imgur.com/enhDnTM.jpg,#252A2B,#95A5AB,#94A0A4
https://i.redd.it/xae65ypfqycy.jpg,#E07C7C,#9C8982,#CDB6BA
https://i.redd.it/1nlgrn49x7ry.jpg,#85371F,#B8A793,#CB907C
https://i.redd.it/m4cfqp8wfv5z.jpg,#8B9988,#C6AD9B,#384331
https://i.redd.it/h5t3qddvvzry.jpg,#222417,#63403C,#140F21
https://i.redd.it/s5viyluv421z.jpg,#58534D,#F5F8E9,#A4845B
https://i.redd.it/w5q6gldnvcuy.jpg,#3C548A,#F7FDED,#BF6A6F
http://i.imgur.com/sXhEQez.jpg,#6A696D,#0B1018,#18171D
http://i.imgur.com/M3NOzLC.jpg,#C29053,#AB9A78,#5B7C5D
https://i.redd.it/lsuw4p2ncyny.jpg,#2D6F30,#B9AE69,#5F4218
https://i.redd.it/fsuv32a1cc9y.jpg,#3E040E,#96341F,#77736A
https://i.redd.it/cwljeujku33z.jpg,#6D406F,#DBA88D,#CE8C7C
http://i.imgur.com/tyDhTll.jpg,#A69F99,#49280D,#251D20
http://i.imgur.com/puEqa4C.jpg,#B78B94,#B97F8B,#C73420
https://i.redd.it/ihczg3pmle3z.jpg,#92A683,#1B262D,#333E48
https://i.redd.it/cpkq97klre4z.jpg,#7B8E7B,#446256,#A1827D
http://i.imgur.com/RycdbMO.jpg,#DAF9FD,#A9C6CE,#616E2E
https://i.redd.it/n9jq5j2tatcy.jpg,#D4C6A5,#9CACAB,#C1A18C
https://i.redd.it/sn7ufk9fsv4z.jpg,#1A1C0B,#503F3B,#9CC4C3
http://i.imgur.com/pt9rmrv.jpg,#2B2740,#5F4550,#D5AA9C
http://i.imgur.com/6pnYQUv.jpg,#0084E8,#1A61A5,#1666C7
https://i.redd.it/0qow2dksb34z.jpg,#9EAF73,#A4CD73,#90AD17
https://i.redd.it/rubsfuf64lvy.jpg,#686B60,#B8C3E1,#84794B
https://i.imgur.com/HRgRMOw.jpg,#827A89,#6395B8,#430005
https://i.redd.it/nrafqoujmety.jpg,#FEDCC3,#E9ABA0,#B78D81
https://i.redd.it/c5pk0vnpg3ty.jpg,#6B74C1,#8091C9,#E8EEEE
http://i.imgur.com/qvnjbVw.jpg,#909CAA,#C1BEC5,#7A7756
https://i.redd.it/ftd3sx5ah13z.jpg,#AA8686,#735145,#636B76
https://i.redd.it/ru12lvaf7jyy.jpg,#F1E0E4,#D396A7,#5C5656
https://i.redd.it/7ofdqmp53bzy.jpg,#9294A0,#AF8B7B,#96323A
https://i.redd.it/ax4eueu0szpy.jpg,#DCC7B4,#406345,#2D2938
https://i.redd.it/tb5pckm6e72y.jpg,#925E46,#120807,#2D3534
https://i.redd.it/guul6eld2soy.jpg,#7B7275,#9AA4A3,#7F5D69
https://i.redd.it/fyqzavufvjwy.jpg,#6E6568,#988C74,#A5533B
http://i.imgur.com/FApqk3D.jpg,#FCEEB3,#3F9ACF,#8FC6E4
http://i.imgur.com/TKLs9lo.jpg,#E6FAFF,#AFBEC3,#E1E8ED
http://i.imgur.com/Gh2I3pq.jpg,#7E635C,#B3AD95,#503717
https://i.redd.it/m4cfqp8wfv5z.jpg,#88857C,#655B2B,#D9B6B4
http://i.imgur.com/enhDnTM.jpg,#1F83A3,#6B8289,#464747
https://i.redd.it/4m5yk8gjrtzy.jpg,#385B6F,#472611,#5A492B
http://i.imgur.com/lcEUZHv.jpg,#130100,#0C1E12,#D88527
https://i.redd.it/1nlgrn49x7ry.jpg,#E4DAB3,#8E7561,#523D16
https://i.redd.it/d8021b5i2moy.jpg,#97CDD9,#54595F,#73454D
https://i.redd.it/xae65ypfqycy.jpg,#88736E,#C23232,#B45154
https://i.redd.it/h5t3qddvvzry.jpg,#9A7450,#A27659,#828C84
https://i.redd.it/s5viyluv421z.jpg,#37221D,#6B6B61,#B18F51
https://i.redd.it/w5q6gldnvcuy.jpg,#838EC4,#8295B7,#97AAA3
http://i.imgur.com/sXhEQez.jpg,#37353E,#5E5C65,#807F87
https://i.redd.it/cwljeujku33z.jpg,#B38EBC,#FBD0B1,#E2DCD0
https://i.redd.it/fsuv32a1cc9y.jpg,#BC4F6C,#968887,#AE9B7D
http://i.imgur.com/M3NOzLC.jpg,#FFB892,#1F0E0B,#753F17
http://i.imgur.com/tyDhTll.jpg,#E9D1C3,#585C65,#D8CDC3
http://i.imgur.com/puEqa4C.jpg,#C66A5F,#A24234,#572B26
https://i.redd.it/lsuw4p2ncyny.jpg,#A55B2C,#2F903F,#40933B
https://i.redd.it/ihczg3pmle3z.jpg,#0A2A33,#A0A6A8,#4C5A50
https://i.redd.it/cpkq97klre4z.jpg,#BA988F,#756450,#BC9389
http://i.imgur.com/RycdbMO.jpg,#2780B8,#EFDF94,#BFDCCC
https://i.redd.it/n9jq5j2tatcy.jpg,#AB9089,#C2CCC0,#899275
https://i.redd.it/sn7ufk9fsv4z.jpg,#998378,#48353E,#7E1B24
http://i.imgur.com/pt9rmrv.jpg,#173C78,#847069,#796D7B
http://i.imgur.com/6pnYQUv.jpg,#A48E76,#5694C7,#4194E0
https://i.redd.it/0qow2dksb34z.jpg,#A3B48A,#89AE2A,#FAF7E4
https://i.redd.it/7ofdqmp53bzy.jpg,#6E6E7A,#9B5D52,#624B2D
https://i.redd.it/rubsfuf64lvy.jpg,#AAABFF,#291300,#37396A
https://i.redd.it/ftd3sx5ah13z.jpg,#654721,#F7F3F6,#F19276
https://i.redd.it/ru12lvaf7jyy.jpg,#977760,#8C6777,#946B59
https://i.redd.it/c5pk0vnpg3ty.jpg,#525C8F,#D7D4D1,#F3FFF4
https://i.imgur.com/HRgRMOw.jpg,#566443,#362F00,#CABBCA
http://i.imgur.com/qvnjbVw.jpg,#554F2D,#ACA6B2,#424854
https://i.redd.it/nrafqoujmety.jpg,#FFE0C6,#A482D9,#BCAE95
https://i.redd.it/ax4eueu0szpy.jpg,#6A9093,#181E1E,#56545F
https://i.redd.it/tb5pckm6e72y.jpg,#1C241B,#5F6D78,#A97254
https://i.redd.it/guul6eld2soy.jpg,#B02C30,#B39D88,#98B1BF
https://i.redd.it/fyqzavufvjwy.jpg,#70808D,#AA744E,#849199
http://i.imgur.com/FApqk3D.jpg,#F9DDDE,#327D38,#E00B29
http://i.imgur.com/TKLs9lo.jpg,#505B62,#9B8587,#4F759C
http://i.imgur.com/enhDnTM.jpg,#11272D,#264149,#8FA4AB
https://i.redd.it/4m5yk8gjrtzy.jpg,#3A2514,#330F00,#9C6544
http://i.imgur.com/Gh2I3pq.jpg,#DEB89B,#4D3020,#9C7743
https://i.redd.it/d8021b5i2moy.jpg,#92D4F0,#70AEC5,#33324F
https://i.redd.it/1nlgrn49x7ry.jpg,#6B5426,#9DA195,#72471B
http://i.imgur.com/lcEUZHv.jpg,#827064,#48BBFE,#42A3DA
https://i.redd.it/m4cfqp8wfv5z.jpg,#8E6E71,#BBB399,#8190BB
https://i.redd.it/xae65ypfqycy.jpg,#633830,#CACFCD,#7D4642
https://i.redd.it/w5q6gldnvcuy.jpg,#7F486F,#98377A,#3D294A
https://i.redd.it/h5t3qddvvzry.jpg,#6B7A73,#3D4043,#391E25
https://i.redd.it/s5viyluv421z.jpg,#A2694C,#8B6B56,#D09762
http://i.imgur.com/sXhEQez.jpg,#555759,#40414B,#15141A
https://i.redd.it/cwljeujku33z.jpg,#D496AF,#73A560,#B79CC9
https://i.redd.it/fsuv32a1cc9y.jpg,#C89894,#6D4343,#D7928D
http://i.imgur.com/M3NOzLC.jpg,#A57841,#52361E,#88603A
http://i.imgur.com/tyDhTll.jpg,#827C5C,#8F8D74,#685C50
https://i.redd.it/lsuw4p2ncyny.jpg,#A5A686,#7F9064,#5F769E
http://i.imgur.com/puEqa4C.jpg,#3A2C06,#FF6259,#F65F56
https://i.redd.it/ihczg3pmle3z.jpg,#72817C,#93AA96,#A5A186
https://i.redd.it/cpkq97klre4z.jpg,#D3AE9D,#8F7D69,#304F3B
http://i.imgur.com/RycdbMO.jpg,#8DBCDA,#384A3A,#D3C2A0
https://i.redd.it/n9jq5j2tatcy.jpg,#9F6442,#BCBE9B,#956865
https://i.redd.it/sn7ufk9fsv4z.jpg,#D5DFD1,#1A906C,#C40B11
http://i.imgur.com/pt9rmrv.jpg,#B17F7E,#94565B,#7D5464
https://i.redd.it/0qow2dksb34z.jpg,#629C23,#5B5451,#50531C
http://i.imgur.com/6pnYQUv.jpg,#0879EF,#69C0F5,#FF6A55
https://i.redd.it/rubsfuf64lvy.jpg,#050D66,#24314F,#190302
https://i.imgur.com/HRgRMOw.jpg,#BED1CA,#6C4B2E,#A14373
https://i.redd.it/7ofdqmp53bzy.jpg,#C0917D,#CE9B7D,#ACA3A8
https://i.redd.it/nrafqoujmety.jpg,#A16C66,#C1B091,#F6C4AB
https://i.redd.it/c5pk0vnpg3ty.jpg,#8791DB,#FBFFFD,#424564
http://i.imgur.com/qvnjbVw.jpg,#8F9B9B,#666642,#727A63
https://i.redd.it/ru12lvaf7jyy.jpg,#3C130D,#BE798E,#442A34
https://i.redd.it/ax4eueu0szpy.jpg,#896250,#FCD9C7,#2F2E34
https://i.redd.it/ftd3sx5ah13z.jpg,#29282E,#BA9A97,#546F78
https://i.redd.it/tb5pckm6e72y.jpg,#473332,#6D3F00,#8E3342
https://i.redd.it/guul6eld2soy.jpg,#A7AA8B,#011B6C,#082B79
https://i.redd.it/fyqzavufvjwy.jpg,#B87258,#51494E,#2A1E1E
http://i.imgur.com/FApqk3D.jpg,#56BD76,#2B96CD,#97D4AC
http://i.imgur.com/TKLs9lo.jpg,#A6CBE8,#C5C7D6,#F3FDEE
http://i.imgur.com/enhDnTM.jpg,#458CA1,#CBE1E8,#072832
https://i.redd.it/4m5yk8gjrtzy.jpg,#966A47,#3A3629,#5D2202
http://i.imgur.com/Gh2I3pq.jpg,#C1A578,#F8DAC4,#4E4340
https://i.redd.it/d8021b5i2moy.jpg,#4B5354,#E55070,#A3E1FC
http://i.imgur.com/lcEUZHv.jpg,#D4A019,#4B5143,#FDE6D2
https://i.redd.it/1nlgrn49x7ry.jpg,#AF9681,#DACCCF,#A3A4B8
https://i.redd.it/m4cfqp8wfv5z.jpg,#612719,#857345,#525921
https://i.redd.it/xae65ypfqycy.jpg,#832C29,#6B564F,#5E1E1D
https://i.redd.it/s5viyluv421z.jpg,#F7E8CA,#7A5A43,#FDE9DD
https://i.redd.it/h5t3qddvvzry.jpg,#22232B,#B7B9B8,#492F24
https://i.redd.it/w5q6gldnvcuy.jpg,#E17F80,#BD9097,#66598F
http://i.imgur.com/sXhEQez.jpg,#56545D,#636069,#4B4A4E
https://i.redd.it/cwljeujku33z.jpg,#D59AB0,#C44473,#559149
http://i.imgur.com/M3NOzLC.jpg,#81351B,#885621,#B17F5A
https://i.redd.it/fsuv32a1cc9y.jpg,#D7BCB3,#E1C564,#61414A
http://i.imgur.com/tyDhTll.jpg,#EBEBEB,#928E69,#6B5D50
http://i.imgur.com/puEqa4C.jpg,#C77D88,#AF371D,#EE5229
https://i.redd.it/lsuw4p2ncyny.jpg,#CBB381,#864235,#D5CD74
https://i.redd.it/ihczg3pmle3z.jpg,#494844,#282E38,#738380
https://i.redd.it/cpkq97klre4z.jpg,#8E6A5E,#9DA596,#9E745C
http://i.imgur.com/RycdbMO.jpg,#2D6B9A,#E7E8D2,#315770
https://i.redd.it/n9jq5j2tatcy.jpg,#A16F56,#344D47,#795539
https://i.redd.it/sn7ufk9fsv4z.jpg,#953534,#BFCCC7,#ACC8C6
http://i.imgur.com/pt9rmrv.jpg,#0E1128,#196594,#CF9064
http://i.imgur.com/6pnYQUv.jpg,#16609D,#2E657A,#1880EF
https://i.redd.it/0qow2dksb34z.jpg,#8E7940,#583A2C,#0E230E
https://i.redd.it/rubsfuf64lvy.jpg,#9EA9A3,#EEF5F1,#696D38
https://i.redd.it/nrafqoujmety.jpg,#EEA28D,#EFC6DA,#ECC9BF
https://i.redd.it/7ofdqmp53bzy.jpg,#B06A60,#A78847,#CED6E4
https://i.imgur.com/HRgRMOw.jpg,#4E4B1E,#7AACCF,#7CB9D8
https://i.redd.it/ftd3sx5ah13z.jpg,#FAE5C4,#A76543,#57553E
https://i.redd.it/c5pk0vnpg3ty.jpg,#AFB8E1,#757ACB,#8387C6
http://i.imgur.com/qvnjbVw.jpg,#A49E92,#3D3A41,#686049
https://i.redd.it/ru12lvaf7jyy.jpg,#3D1410,#664B20,#B99D9E
https://i.redd.it/ax4eueu0szpy.jpg,#6F8384,#7F6453,#5F6A5A
https://i.redd.it/tb5pckm6e72y.jpg,#9E6047,#9F6D2E,#212C34
https://i.redd.it/guul6eld2soy.jpg,#7D80A3,#293A5A,#7F7F59
https://i.redd.it/fyqzavufvjwy.jpg,#D1CCC3,#ABAFC4,#A79F94
http://i.imgur.com/FApqk3D.jpg,#E54350,#7EC0E2,#FFECB3
http://i.imgur.com/TKLs9lo.jpg,#4067CE,#FFF0F7,#E5F0F5
http://i.imgur.com/enhDnTM.jpg,#CDD8DC,#B8CAD0,#232E31
https://i.redd.it/4m5yk8gjrtzy.jpg,#0A1326,#C9B0AE,#EAD7B9
http://i.imgur.com/Gh2I3pq.jpg,#8E7B7D,#7F706D,#BB9274
https://i.redd.it/d8021b5i2moy.jpg,#227C59,#4C9B95,#8FA3BC
http://i.imgur.com/lcEUZHv.jpg,#F6A228,#FFFCAF,#0C0902
https://i.redd.it/1nlgrn49x7ry.jpg,#6E2216,#752A1A,#371E0E
https://i.redd.it/xae65ypfqycy.jpg,#D4C9C2,#503339,#A9483F
https://i.redd.it/m4cfqp8wfv5z.jpg,#586D68,#9A9093,#98815F
https://i.redd.it/s5viyluv421z.jpg,#4C2B0E,#312712,#C2AF91
https://i.redd.it/h5t3qddvvzry.jpg,#726350,#9AA1A4,#968571
https://i.redd.it/w5q6gldnvcuy.jpg,#A66E6F,#343D52,#E8E4ED
http://i.imgur.com/sXhEQez.jpg,#C0C2BF,#DCDFDA,#262529
http://i.imgur.com/M3NOzLC.jpg,#DED4C7,#4E403E,#E3924D
https://i.redd.it/cwljeujku33z.jpg,#DCA7C3,#171208,#FDD5E1
https://i.redd.it/lsuw4p2ncyny.jpg,#7B7332,#A18FA9,#55AE5A
https://i.redd.it/fsuv32a1cc9y.jpg,#AA9172,#849D59,#BE715F
http://i.imgur.com/tyDhTll.jpg,#E1DABC,#724D3B,#7D5846
http://i.imgur.com/puEqa4C.jpg,#6C4033,#E04727,#EE6749
https://i.redd.it/ihczg3pmle3z.jpg,#181F0C,#081512,#1B1C14
https://i.redd.it/cpkq97klre4z.jpg,#8B9D8F,#BEB3A9,#9F5957
http://i.imgur.com/RycdbMO.jpg,#44B3CE,#4F6A6F,#D3E2D9
https://i.redd.it/n9jq5j2tatcy.jpg,#B38B74,#DADDCC,#5D5232
https://i.redd.it/sn7ufk9fsv4z.jpg,#343D52,#BF100B,#E2CECF
http://i.imgur.com/pt9rmrv.jpg,#C4937D,#F2CDA5,#3479A0
http://i.imgur.com/6pnYQUv.jpg,#E0E8E9,#185FC7,#6B7076
https://i.redd.it/0qow2dksb34z.jpg,#E0ECD0,#907445,#A5CA49
https://i.redd.it/7ofdqmp53bzy.jpg,#B08D89,#7D583B,#C04359
https://i.redd.it/rubsfuf64lvy.jpg,#7F87AC,#A9AA94,#425119
https://i.redd.it/ru12lvaf7jyy.jpg,#AD6982,#D9C8C0,#7F553F
https://i.imgur.com/HRgRMOw.jpg,#9A8E98,#365647,#694C68
https://i.redd.it/nrafqoujmety.jpg,#D7805F,#F7D0BD,#73695F
https://i.redd.it/c5pk0vnpg3ty.jpg,#E1E8FF,#110D21,#8492D0
https://i.redd.it/ftd3sx5ah13z.jpg,#FCE9D5,#757172,#C5A479
http://i.imgur.com/qvnjbVw.jpg,#676F79,#72746F,#323A3D
https://i.redd.it/ax4eueu0szpy.jpg,#494F3B,#636478,#696A62
https://i.redd.it/tb5pckm6e72y.jpg,#4A331F,#2F210A,#785046
https://i.redd.it/guul6eld2soy.jpg,#B9A8A0,#2E466A,#C4B133
https://i.redd.it/fyqzavufvjwy.jpg,#653624,#D5BA84,#A37158
http://i.imgur.com/FApqk3D.jpg,#F9012B,#252727,#C3E5F3
http://i.imgur.com/TKLs9lo.jpg,#9F9EA4,#AEBFB1,#A6AAAD
http://i.imgur.com/enhDnTM.jpg,#EDF6F8,#40788A,#737E82
https://i.redd.it/4m5yk8gjrtzy.jpg,#8F5B29,#1A1A32,#C18C64
http://i.imgur.com/Gh2I3pq.jpg,#EECFBF,#DFAE87,#E7E2D0
http://i.imgur.com/lcEUZHv.jpg,#331E00,#E78FE7,#5C4116
https://i.redd.it/d8021b5i2moy.jpg,#7FA9A7,#D9DBD9,#5FA7BD
https://i.redd.it/1nlgrn49x7ry.jpg,#D9AB60,#59432C,#A1733F
https://i.redd.it/xae65ypfqycy.jpg,#94373F,#4B342C,#943747
https://i.redd.it/m4cfqp8wfv5z.jpg,#323A05,#DFA18E,#724832
https://i.redd.it/s5viyluv421z.jpg,#6A4F30,#FFE7B6,#CFA575
https://i.redd.it/h5t3qddvvzry.jpg,#1C1B2E,#EBDEDA,#94898D
https://i.redd.it/w5q6gldnvcuy.jpg,#B39FAA,#893C64,#E9F7E9
http://i.imgur.com/sXhEQez.jpg,#C7C8C4,#94949C,#302D40
http://i.imgur.com/M3NOzLC.jpg,#C47B38,#6C4A34,#8D6C67
https://i.redd.it/cwljeujku33z.jpg,#AD5E8D,#ECCEC0,#EDE2F2
https://i.redd.it/fsuv32a1cc9y.jpg,#C66D57,#40211D,#615151
http://i.imgur.com/tyDhTll.jpg,#4D3D3C,#703B1D,#D3CFBE
http://i.imgur.com/puEqa4C.jpg,#DF7579,#3C3300,#E14632
https://i.redd.it/lsuw4p2ncyny.jpg,#948A55,#EDE2DC,#C6D6B3
https://i.redd.it/ihczg3pmle3z.jpg,#152111,#8F979A,#2E3838
https://i.redd.it/cpkq97klre4z.jpg,#587A62,#B46B64,#C0AC9E
http://i.imgur.com/RycdbMO.jpg,#504251,#905B79,#B194BD
https://i.redd.it/n9jq5j2tatcy.jpg,#987A46,#98695F,#3A3C2C
https://i.redd.it/sn7ufk9fsv4z.jpg,#5A5D2E,#D6C2CD,#279F84
http://i.imgur.com/pt9rmrv.jpg,#45374C,#326489,#997663
http://i.imgur.com/6pnYQUv.jpg,#0F85E9,#C7F0FF,#A3DFFF
https://i.redd.it/0qow2dksb34z.jpg,#C1864C,#1E372F,#324736
https://i.redd.it/rubsfuf64lvy.jpg,#4F3831,#BFCBAF,#868B6D
https://i.imgur.com/HRgRMOw.jpg,#182752,#AF4B31,#D3BDCC
https://i.redd.it/7ofdqmp53bzy.jpg,#C3CAE0,#7F797B,#B22840
https://i.redd.it/nrafqoujmety.jpg,#8E5F57,#C97773,#974422
https://i.redd.it/c5pk0vnpg3ty.jpg,#18160E,#353F60,#B7BED4
https://i.redd.it/ru12lvaf7jyy.jpg,#5D6570,#0E3816,#C2B5B9
http://i.imgur.com/qvnjbVw.jpg,#C9C9CD,#394144,#9D9B8E
https://i.redd.it/ftd3sx5ah13z.jpg,#604242,#5B210A,#B99558
https://i.redd.it/ax4eueu0szpy.jpg,#203D43,#465B4C,#657783
https://i.redd.it/tb5pckm6e72y.jpg,#932E36,#AAA589,#8D8F77
https://i.redd.it/guul6eld2soy.jpg,#264E82,#85554B,#9B4F59
https://i.redd.it/fyqzavufvjwy.jpg,#DBE4EB,#FFC48A,#2F0F08
http://i.imgur.com/FApqk3D.jpg,#FDFEFA,#007BEA,#169C39
http://i.imgur.com/TKLs9lo.jpg,#C6DBE2,#E2DCF2,#6A5456
http://i.imgur.com/Gh2I3pq.jpg,#7E663E,#BBA3A1,#83663C
https://i.redd.it/4m5yk8gjrtzy.jpg,#8E584B,#4F0400,#30AFF6
https://i.redd.it/d8021b5i2moy.jpg,#1C7E6F,#75A88A,#913542
http://i.imgur.com/enhDnTM.jpg,#9AAAAF,#527A87,#677479
http://i.imgur.com/lcEUZHv.jpg,#140A00,#E7A4E6,#4E8939
https://i.redd.it/m4cfqp8wfv5z.jpg,#4B3619,#96A27E,#94777B
https://i.redd.it/1nlgrn49x7ry.jpg,#D7D3D3,#CDCCC4,#E1C298
https://i.redd.it/s5viyluv421z.jpg,#A07028,#221503,#513317
https://i.redd.it/xae65ypfqycy.jpg,#222625,#521B1C,#60303A
https://i.redd.it/h5t3qddvvzry.jpg,#76514E,#624D52,#797665
https://i.redd.it/w5q6gldnvcuy.jpg,#1A1420,#7B3569,#141E29
http://i.imgur.com/sXhEQez.jpg,#050408,#2F2D36,#F9F9FB
https://i.redd.it/cwljeujku33z.jpg,#CD6750,#CC5C8C,#805D9D
https://i.redd.it/fsuv32a1cc9y.jpg,#91AA68,#8C7968,#A36455
http://i.imgur.com/M3NOzLC.jpg,#BC822B,#7A8563,#9E888A
http://i.imgur.com/tyDhTll.jpg,#1B1200,#AFA687,#7F756B
http://i.imgur.com/puEqa4C.jpg,#FF6049,#2A1C05,#983B34
https://i.redd.it/lsuw4p2ncyny.jpg,#948134,#987168,#7A302D
https://i.redd.it/ihczg3pmle3z.jpg,#1E1E08,#A2AE92,#2D3929
https://i.redd.it/cpkq97klre4z.jpg,#8D806D,#BDA08D,#A05C57
http://i.imgur.com/RycdbMO.jpg,#0FB0E6,#F0DCD0,#666D41
https://i.redd.it/n9jq5j2tatcy.jpg,#928D70,#8A695A,#283D4E
https://i.redd.it/sn7ufk9fsv4z.jpg,#DACFBB,#91938F,#E3D299
http://i.imgur.com/pt9rmrv.jpg,#0F5C86,#12608C,#EAD2B2
https://i.redd.it/0qow2dksb34z.jpg,#7A6359,#B7B455,#A4B845
http://i.imgur.com/6pnYQUv.jpg,#ADDEFF,#BEB3AB,#B3EAF0
https://i.redd.it/rubsfuf64lvy.jpg,#767D54,#AA8960,#96A19A
https://i.imgur.com/HRgRMOw.jpg,#A97C53,#633D64,#030B00
https://i.redd.it/nrafqoujmety.jpg,#17484A,#E3C396,#BFCDFC
https://i.redd.it/c5pk0vnpg3ty.jpg,#C1D0FB,#F4F0F0,#797CB3
https://i.redd.it/7ofdqmp53bzy.jpg,#975D5C,#786650,#936846
http://i.imgur.com/qvnjbVw.jpg,#705C43,#646144,#7E715F
https://i.redd.it/ru12lvaf7jyy.jpg,#131E26,#946D70,#A25269
https://i.redd.it/ftd3sx5ah13z.jpg,#BEA788,#F1D08B,#9A7C7A
https://i.redd.it/ax4eueu0szpy.jpg,#C7D1D4,#41575B,#9BA08E
https://i.redd.it/tb5pckm6e72y.jpg,#443633,#704734,#E85A66
https://i.redd.it/fyqzavufvjwy.jpg,#9A6E47,#9CB0CA,#F9D2B5
https://i.redd.it/guul6eld2soy.jpg,#7D9ABA,#B7401E,#4E1909
http://i.imgur.com/FApqk3D.jpg,#F5A7B3,#B5DFBD,#C8EAD5
http://i.imgur.com/TKLs9lo.jpg,#A9A5A6,#FFBFB4,#E3D6D9
http://i.imgur.com/Gh2I3pq.jpg,#EFEBD2,#5B3A2F,#9E9983
https://i.redd.it/4m5yk8gjrtzy.jpg,#E2D5D8,#2C1B21,#F2D7C8
https://i.redd.it/d8021b5i2moy.jpg,#7FBEB7,#AFA584,#056766
http://i.imgur.com/lcEUZHv.jpg,#50492B,#FE6AF6,#EFC1B3
http://i.imgur.com/enhDnTM.jpg,#516A71,#8D9EA3,#7B949C
https://i.redd.it/m4cfqp8wfv5z.jpg,#756B2C,#687957,#CEC1A1
https://i.redd.it/1nlgrn49x7ry.jpg,#E8E7BD,#E9CA95,#C69E7A
https://i.redd.it/s5viyluv421z.jpg,#654F36,#224E57,#8C6544
https://i.redd.it/xae65ypfqycy.jpg,#63626A,#92676E,#5E4E42
https://i.redd.it/h5t3qddvvzry.jpg,#55331E,#0A0C17,#AD8551
https://i.redd.it/w5q6gldnvcuy.jpg,#191F35,#041946,#B23F94
http://i.imgur.com/sXhEQez.jpg,#424349,#343144,#83847F
https://i.redd.it/cwljeujku33z.jpg,#9976AE,#B1E199,#9877B0
https://i.redd.it/fsuv32a1cc9y.jpg,#D8A297,#33351C,#341318
http://i.imgur.com/M3NOzLC.jpg,#C96A2A,#8C6D4E,#5B170A
http://i.imgur.com/tyDhTll.jpg,#2D2B13,#060809,#3F251A
http://i.imgur.com/puEqa4C.jpg,#D54A3D,#EA412E,#FC673E
https://i.redd.it/ihczg3pmle3z.jpg,#8D8E90,#96A4A5,#484C34
https://i.redd.it/cpkq97klre4z.jpg,#A96655,#BCB5A2,#87695F
https://i.redd.it/lsuw4p2ncyny.jpg,#E2E6F1,#2E0B03,#F5EB95
http://i.imgur.com/RycdbMO.jpg,#1B2C2A,#EED899,#6F95AE
https://i.redd.it/n9jq5j2tatcy.jpg,#494551,#896B4F,#B29269
https://i.redd.it/sn7ufk9fsv4z.jpg,#8CBFBA,#B2554E,#6E1316
http://i.imgur.com/pt9rmrv.jpg,#8D746F,#C9C1BE,#EAD7C3
http://i.imgur.com/6pnYQUv.jpg,#006EF4,#0F81E4,#DEDBDE
https://i.redd.it/0qow2dksb34z.jpg,#788710,#94BA57,#A0B979
https://i.redd.it/7ofdqmp53bzy.jpg,#620613,#3B2C09,#D7CCAA
https://i.redd.it/rubsfuf64lvy.jpg,#6D7341,#9EA2DF,#8D91DA
https://i.redd.it/ru12lvaf7jyy.jpg,#A47587,#FFACCA,#8A867A
https://i.redd.it/c5pk0vnpg3ty.jpg,#000210,#696985,#7275C2
https://i.redd.it/nrafqoujmety.jpg,#B687B5,#935A47,#C17840
https://i.redd.it/ftd3sx5ah13z.jpg,#CEA383,#2B3B40,#4F342F
http://i.imgur.com/qvnjbVw.jpg,#040911,#2E2A36,#787880
https://i.imgur.com/HRgRMOw.jpg,#B7A2AB,#308451,#516564
https://i.redd.it/ax4eueu0szpy.jpg,#99978B,#262342,#39512F
https://i.redd.it/tb5pckm6e72y.jpg,#7E1D24,#595A48,#634B35
https://i.redd.it/guul6eld2soy.jpg,#C9AC98,#03127B,#7C4A27
https://i.redd.it/fyqzavufvjwy.jpg,#A58973,#321F0D,#9C938C
http://i.imgur.com/FApqk3D.jpg,#ADDFBC,#ED6A7A,#EA596A
http://i.imgur.com/TKLs9lo.jpg,#A3D6ED,#7F8174,#A095A7
https://i.redd.it/d8021b5i2moy.jpg,#0D3F32,#032620,#8C7E7B
http://i.imgur.com/Gh2I3pq.jpg,#45371E,#AB866B,#734E32
https://i.redd.it/4m5yk8gjrtzy.jpg,#070A1D,#C19B9C,#E4E3D3
http://i.imgur.com/lcEUZHv.jpg,#BDC4F4,#9FA29D,#FAC1FA
https://i.redd.it/xae65ypfqycy.jpg,#733E48,#DDB5B8,#DC9BA3
https://i.redd.it/1nlgrn49x7ry.jpg,#5C1D12,#713E38,#C6AC7B
http://i.imgur.com/enhDnTM.jpg,#083441,#838484,#85A1AA
https://i.redd.it/m4cfqp8wfv5z.jpg,#69754D,#B5BE93,#467585
https://i.redd.it/s5viyluv421z.jpg,#A07D45,#997231,#7D5A23
https://i.redd.it/h5t3qddvvzry.jpg,#C7B7A2,#483316,#6A251C
https://i.redd.it/w5q6gldnvcuy.jpg,#C4C6D4,#ECC9BF,#2B2D51
http://i.imgur.com/sXhEQez.jpg,#181719,#AAA9B1,#1F1E22
https://i.redd.it/cwljeujku33z.jpg,#EDC8C4,#C27496,#6A3A82
https://i.redd.it/fsuv32a1cc9y.jpg,#86765D,#C4BDB4,#503424
http://i.imgur.com/M3NOzLC.jpg,#CEAD9C,#4E5539,#342419
http://i.imgur.com/tyDhTll.jpg,#40381F,#6C7282,#DDE4E1
https://i.redd.it/lsuw4p2ncyny.jpg,#DED1B3,#B5A67B,#753C11
http://i.imgur.com/puEqa4C.jpg,#483E11,#F66B4E,#F55E55
https://i.redd.it/ihczg3pmle3z.jpg,#080E1A,#748187,#8A9A97
https://i.redd.it/cpkq97klre4z.jpg,#B6948B,#6B6A56,#474931
http://i.imgur.com/RycdbMO.jpg,#7C9367,#E0DFD7,#12669A
https://i.redd.it/n9jq5j2tatcy.jpg,#C1998C,#A28077,#C7C6AA
https://i.redd.it/sn7ufk9fsv4z.jpg,#793C3F,#565165,#8F8D9B
http://i.imgur.com/pt9rmrv.jpg,#936C5A,#7D7280,#C2A39B
http://i.imgur.com/6pnYQUv.jpg,#266FCC,#1C81C5,#99BED3
https://i.redd.it/0qow2dksb34z.jpg,#51402C,#579725,#4F7A11
https://i.redd.it/rubsfuf64lvy.jpg,#A88F7A,#000296,#8B7A4F
https://i.imgur.com/HRgRMOw.jpg,#7A5D3D,#CFC531,#CEAE0D
https://i.redd.it/nrafqoujmety.jpg,#5F5647,#DD8B77,#986457
https://i.redd.it/7ofdqmp53bzy.jpg,#722728,#B63247,#BFBEC8
https://i.redd.it/ru12lvaf7jyy.jpg,#4A101D,#C48F81,#C29C99
https://i.redd.it/c5pk0vnpg3ty.jpg,#7A7DA0,#D6CFD3,#9FACC8
http://i.imgur.com/qvnjbVw.jpg,#6A694B,#6B5643,#747A88
https://i.redd.it/ftd3sx5ah13z.jpg,#A29491,#894747,#E0CDCB
https://i.redd.it/ax4eueu0szpy.jpg,#425430,#3C5665,#7B7179
https://i.redd.it/tb5pckm6e72y.jpg,#6B674E,#9F553C,#889494
https://i.redd.it/guul6eld2soy.jpg,#948450,#14050E,#79313B
https://i.redd.it/fyqzavufvjwy.jpg,#FCA67F,#E2B394,#F3E7DD
http://i.imgur.com/FApqk3D.jpg,#6AC488,#A7DDB7,#13A342
http://i.imgur.com/TKLs9lo.jpg,#A59C9F,#FFB970,#DA2B2E
http://i.imgur.com/Gh2I3pq.jpg,#ECC29A,#E0BEA5,#C09D6F
https://i.redd.it/d8021b5i2moy.jpg,#23897C,#375A78,#B85166
http://i.imgur.com/enhDnTM.jpg,#C0C3C4,#15191A,#349FC3
https://i.redd.it/4m5yk8gjrtzy.jpg,#564A3C,#615C54,#370922
http://i.imgur.com/lcEUZHv.jpg,#BAB704,#125075,#FDCBD0
https://i.redd.it/1nlgrn49x7ry.jpg,#491B11,#8C7D6A,#B78177
https://i.redd.it/xae65ypfqycy.jpg,#DF949D,#8D564F,#B5544C
https://i.redd.it/s5viyluv421z.jpg,#DABA7C,#E7E8D5,#C6B5A3
https://i.redd.it/w5q6gldnvcuy.jpg,#7F443C,#EBD5E3,#40221E
https://i.redd.it/h5t3qddvvzry.jpg,#6B604A,#C6C0C0,#E6C9AD
https://i.redd.it/m4cfqp8wfv5z.jpg,#9B97B8,#B56E5A,#7B7333
http://i.imgur.com/sXhEQez.jpg,#3B3944,#C8C9C7,#1C1B1D
https://i.redd.it/cwljeujku33z.jpg,#8975AA,#DCAB8F,#B8B3B9
https://i.redd.it/fsuv32a1cc9y.jpg,#674247,#130803,#84847A
http://i.imgur.com/M3NOzLC.jpg,#B13900,#C76711,#510F00
https://i.redd.it/lsuw4p2ncyny.jpg,#182E54,#2F8033,#2F5730
http://i.imgur.com/tyDhTll.jpg,#FEE5CA,#827360,#848367
http://i.imgur.com/puEqa4C.jpg,#522B22,#FF7C64,#EA6836
https://i.redd.it/ihczg3pmle3z.jpg,#9DADAD,#43533E,#66685B
https://i.redd.it/cpkq97klre4z.jpg,#999E82,#6A6A62,#9D5E4B
http://i.imgur.com/RycdbMO.jpg,#9BB592,#F2DC95,#7A6256
https://i.redd.it/n9jq5j2tatcy.jpg,#4E7474,#CA935A,#814545
https://i.redd.it/sn7ufk9fsv4z.jpg,#1F9875,#612229,#886F59
https://i.redd.it/0qow2dksb34z.jpg,#8F9C8B,#5F4336,#88A928
http://i.imgur.com/pt9rmrv.jpg,#171338,#724C4F,#DDD3C4
http://i.imgur.com/6pnYQUv.jpg,#2879E5,#AAA297,#71D4FF
https://i.redd.it/rubsfuf64lvy.jpg,#27304F,#374067,#E4ECE3
https://i.redd.it/7ofdqmp53bzy.jpg,#A77672,#8B7C77,#AFA9B5
https://i.imgur.com/HRgRMOw.jpg,#46231F,#BA9E9D,#4B6C4F
https://i.redd.it/c5pk0vnpg3ty.jpg,#758EC8,#5E6B95,#74769F
https://i.redd.it/nrafqoujmety.jpg,#8269AB,#4C4660,#572232
https://i.redd.it/ftd3sx5ah13z.jpg,#97A49A,#F3A78F,#EFA89E
http://i.imgur.com/qvnjbVw.jpg,#5C5A41,#7A6D5A,#ABBCB8
https://i.redd.it/ru12lvaf7jyy.jpg,#545661,#AE8567,#5B2427
https://i.redd.it/ax4eueu0szpy.jpg,#49512E,#614842,#6E6459
https://i.redd.it/tb5pckm6e72y.jpg,#5A593D,#A1684B,#322827
https://i.redd.it/guul6eld2soy.jpg,#78777F,#742423,#0C1798
https://i.redd.it/fyqzavufvjwy.jpg,#6D5B4F,#443E46,#332D23
http://i.imgur.com/FApqk3D.jpg,#F4A8B6,#E7F9EF,#A9DFBA
http://i.imgur.com/TKLs9lo.jpg,#3D74C6,#375ED5,#5D6069
http://i.imgur.com/Gh2I3pq.jpg,#E2BD93,#DDC3BE,#68492B
http://i.imgur.com/enhDnTM.jpg,#656B6D,#5B5B5C,#3D97B5
https://i.redd.it/d8021b5i2moy.jpg,#F1D28E,#B0DAEC,#C7E0CF
https://i.redd.it/4m5yk8gjrtzy.jpg,#D2A499,#81715A,#18021A
http://i.imgur.com/lcEUZHv.jpg,#FFFFAE,#D5DCD6,#B3AFAD
https://i.redd.it/1nlgrn49x7ry.jpg,#956B41,#442715,#482611
https://i.redd.it/m4cfqp8wfv5z.jpg,#57321E,#B7BAAB,#81A8D1
https://i.redd.it/s5viyluv421z.jpg,#8A6C50,#392415,#25272A
https://i.redd.it/xae65ypfqycy.jpg,#ECA6AA,#AC3A2F,#A36D6B
https://i.redd.it/h5t3qddvvzry.jpg,#E8DAD9,#6E4D3A,#F7EFE8
https://i.redd.it/w5q6gldnvcuy.jpg,#48394A,#D7B3A3,#785599
http://i.imgur.com/sXhEQez.jpg,#C4C4C6,#A1A1A3,#45434C
https://i.redd.it/cwljeujku33z.jpg,#89BEAC,#61356E,#609287
http://i.imgur.com/M3NOzLC.jpg,#C99F61,#6E7E5A,#A4754B
https://i.redd.it/fsuv32a1cc9y.jpg,#E6CBBA,#9B3F32,#B44729
http://i.imgur.com/tyDhTll.jpg,#6D6D6F,#4D443B,#91907E
http://i.imgur.com/puEqa4C.jpg,#2D3037,#DB431E,#332D21
https://i.redd.it/lsuw4p2ncyny.jpg,#475B34,#9B963A,#896B35
https://i.redd.it/ihczg3pmle3z.jpg,#002726,#242106,#292821
https://i.redd.it/cpkq97klre4z.jpg,#98665F,#8F7D69,#60483A
http://i.imgur.com/RycdbMO.jpg,#918C92,#C1E8A1,#9DC8DA
https://i.redd.it/n9jq5j2tatcy.jpg,#41484E,#9FA4A8,#5E3436
https://i.redd.it/sn7ufk9fsv4z.jpg,#EEF5FC,#2B2815,#641F18
http://i.imgur.com/pt9rmrv.jpg,#4F82A0,#29577E,#0A0231
http://i.imgur.com/6pnYQUv.jpg,#54564B,#C8FEFD,#E7F8FE
https://i.redd.it/0qow2dksb34z.jpg,#BDC071,#CB9D6B,#255814
https://i.redd.it/rubsfuf64lvy.jpg,#423710,#573D36,#B0B4A8
https://i.imgur.com/HRgRMOw.jpg,#C9B043,#3875A1,#697A94
https://i.redd.it/7ofdqmp53bzy.jpg,#5E211A,#A21E33,#CF9683
https://i.redd.it/ru12lvaf7jyy.jpg,#A67660,#142207,#E4BF95
https://i.redd.it/nrafqoujmety.jpg,#E6DABE,#F3CFB7,#AF93A2
https://i.redd.it/c5pk0vnpg3ty.jpg,#5F6794,#626A97,#7185C4
http://i.imgur.com/qvnjbVw.jpg,#8D8E80,#543F2A,#7E806B
https://i.redd.it/ftd3sx5ah13z.jpg,#A16B69,#8E7D4F,#ADBAB2
https://i.redd.it/ax4eueu0szpy.jpg,#D3B9BE,#2E4857,#714F44
https://i.redd.it/tb5pckm6e72y.jpg,#915D45,#4B4A34,#DBD0C0
https://i.redd.it/guul6eld2soy.jpg,#B27A7B,#745E34,#00257A
https://i.redd.it/fyqzavufvjwy.jpg,#5B6C7C,#4A361C,#454F44
http://i.imgur.com/FApqk3D.jpg,#F49EA9,#0089CB,#E52B46
http://i.imgur.com/TKLs9lo.jpg,#E0E2D8,#FF2322,#6F6877
http://i.imgur.com/Gh2I3pq.jpg,#8A683A,#DFAE87,#472522
https://i.redd.it/4m5yk8gjrtzy.jpg,#27251A,#D2A18A,#1D0E23
https://i.redd.it/d8021b5i2moy.jpg,#791120,#001E23,#B9414A
http://i.imgur.com/enhDnTM.jpg,#111C1F,#19343C,#414445
http://i.imgur.com/lcEUZHv.jpg,#A8AEB6,#A9FFFC,#2EB24D
https://i.redd.it/1nlgrn49x7ry.jpg,#47261D,#DDE0D9,#8E2513
https://i.redd.it/m4cfqp8wfv5z.jpg,#3D310B,#C7B294,#6A6880
https://i.redd.it/xae65ypfqycy.jpg,#3D2823,#DA8582,#A2696F
https://i.redd.it/s5viyluv421z.jpg,#89654B,#6F3B0A,#F8E8E5
https://i.redd.it/h5t3qddvvzry.jpg,#E4DCD3,#333A43,#BCB09A
https://i.redd.it/w5q6gldnvcuy.jpg,#816F7D,#CDD2F1,#E9D8DD
http://i.imgur.com/sXhEQez.jpg,#7C7C7E,#EDEDF1,#23242E
http://i.imgur.com/M3NOzLC.jpg,#E9C7B0,#7B6361,#E8BEB4
https://i.redd.it/cwljeujku33z.jpg,#ECC4D8,#ECF0E5,#B66F8F
https://i.redd.it/lsuw4p2ncyny.jpg,#F1DFDF,#E6C96F,#9E80A4
https://i.redd.it/fsuv32a1cc9y.jpg,#D8C0BE,#BE5F63,#CED2AC
http://i.imgur.com/tyDhTll.jpg,#EAD4B1,#EFECD7,#696751
http://i.imgur.com/puEqa4C.jpg,#593630,#BC4F52,#F67A56
https://i.redd.it/ihczg3pmle3z.jpg,#040E0C,#233A40,#77744B
https://i.redd.it/cpkq97klre4z.jpg,#AB645E,#858D76,#696E58
http://i.imgur.com/RycdbMO.jpg,#D3E0E3,#869EA0,#465D49
https://i.redd.it/n9jq5j2tatcy.jpg,#3D1B03,#8F9E81,#AD713F
https://i.redd.it/sn7ufk9fsv4z.jpg,#44B297,#FFE3ED,#AAA4A4
http://i.imgur.com/pt9rmrv.jpg,#43384E,#C88966,#145990
http://i.imgur.com/6pnYQUv.jpg,#D1F2FF,#197BD6,#7BBDEF
https://i.redd.it/0qow2dksb34z.jpg,#93B6D8,#4D6118,#BCD6D9
https://i.redd.it/rubsfuf64lvy.jpg,#B4B8E7,#8285A4,#787BC2
https://i.redd.it/nrafqoujmety.jpg,#B1823E,#B87E70,#A276CF
https://i.imgur.com/HRgRMOw.jpg,#3B7044,#3E4D6C,#465F7D
https://i.redd.it/7ofdqmp53bzy.jpg,#D49D8B,#858086,#ACB9CB
https://i.redd.it/c5pk0vnpg3ty.jpg,#B7BAC1,#707396,#FDF7F3
http://i.imgur.com/qvnjbVw.jpg,#575763,#524721,#9A9695
https://i.redd.it/ftd3sx5ah13z.jpg,#2E1E1D,#D7CEB7,#DCB797
https://i.redd.it/ru12lvaf7jyy.jpg,#5D4433,#8E929B,#8A5359
https://i.redd.it/ax4eueu0szpy.jpg,#797A8C,#C2A995,#8E9180
https://i.redd.it/tb5pckm6e72y.jpg,#731521,#485252,#AB7D6E
https://i.redd.it/fyqzavufvjwy.jpg,#585157,#4E381E,#4E3940
https://i.redd.it/guul6eld2soy.jpg,#386DC9,#C35E32,#0D1629
http://i.imgur.com/FApqk3D.jpg,#009023,#008DCF,#2EA853
http://i.imgur.com/TKLs9lo.jpg,#669CCA,#FF1616,#F5FDFC
http://i.imgur.com/Gh2I3pq.jpg,#5C4442,#CEA788,#49412B
https://i.redd.it/4m5yk8gjrtzy.jpg,#605142,#5E411F,#696F7D
https://i.redd.it/d8021b5i2moy.jpg,#8C5558,#835150,#D1E7F1
http://i.imgur.com/enhDnTM.jpg,#CAD8DE,#546063,#58737C
https://i.redd.it/m4cfqp8wfv5z.jpg,#938B78,#789EB7,#A79770
https://i.redd.it/1nlgrn49x7ry.jpg,#828689,#B28453,#D4B487
http://i.imgur.com/lcEUZHv.jpg,#5FEC0C,#F1E60C,#041100
https://i.redd.it/xae65ypfqycy.jpg,#61241D,#BD9387,#C2665B
https://i.redd.it/s5viyluv421z.jpg,#BFA977,#BF9D6A,#2E210C
https://i.redd.it/h5t3qddvvzry.jpg,#847E68,#2E2A1D,#E1CDC1
https://i.redd.it/w5q6gldnvcuy.jpg,#F9E7E9,#F3F2FC,#A14083
http://i.imgur.com/sXhEQez.jpg,#DFDFE3,#D1D2D0,#3E3D41
https://i.redd.it/cwljeujku33z.jpg,#DDA286,#A7C595,#FFE6EF
http://i.imgur.com/M3NOzLC.jpg,#CD9A85,#43220F,#5C330B
https://i.redd.it/fsuv32a1cc9y.jpg,#1F1402,#D18575,#71434E
http://i.imgur.com/tyDhTll.jpg,#78624B,#3D3741,#A19A94
https://i.redd.it/lsuw4p2ncyny.jpg,#771D13,#654234,#C9B659
http://i.imgur.com/puEqa4C.jpg,#DF4835,#BC1600,#F36C58
https://i.redd.it/ihczg3pmle3z.jpg,#1A2836,#B4BAB2,#495441
https://i.redd.it/cpkq97klre4z.jpg,#93958A,#9E8A72,#9EA78C
http://i.imgur.com/RycdbMO.jpg,#1D2317,#084B73,#475C4D
https://i.redd.it/n9jq5j2tatcy.jpg,#57506F,#564A4A,#2E4A53
https://i.redd.it/sn7ufk9fsv4z.jpg,#9CA8B4,#901C1F,#221825
http://i.imgur.com/pt9rmrv.jpg,#BA8879,#310C11,#7C5E56
http://i.imgur.com/6pnYQUv.jpg,#C6D1CF,#88ABC9,#E9FBFB
https://i.redd.it/0qow2dksb34z.jpg,#79872F,#79888B,#C2BBB2
https://i.redd.it/rubsfuf64lvy.jpg,#B7B9D4,#9CA0E1,#888CB1
https://i.redd.it/nrafqoujmety.jpg,#928C6C,#F9CEE1,#F29C83
https://i.imgur.com/HRgRMOw.jpg,#3D4B6C,#81414D,#ABB86B
https://i.redd.it/c5pk0vnpg3ty.jpg,#FAFFEF,#BCC0B3,#B5B3C8
https://i.redd.it/7ofdqmp53bzy.jpg,#DDB09B,#7F817E,#C3CBE4
https://i.redd.it/ru12lvaf7jyy.jpg,#C08991,#DBB7CD,#DEACAD
http://i.imgur.com/qvnjbVw.jpg,#ADBDBE,#4F431F,#75795E
https://i.redd.it/ftd3sx5ah13z.jpg,#7A7555,#C9D2D9,#DDD6AE
https://i.redd.it/ax4eueu0szpy.jpg,#54352E,#5B6B68,#E4E5F5
https://i.redd.it/tb5pckm6e72y.jpg,#9B8879,#F6F0E4,#F0A4B0
https://i.redd.it/guul6eld2soy.jpg,#733224,#D4B799,#0B3484
https://i.redd.it/fyqzavufvjwy.jpg,#F1D1A2,#3D3632,#535A52
http://i.imgur.com/FApqk3D.jpg,#EC7A84,#02AC3F,#F4AEBA
http://i.imgur.com/TKLs9lo.jpg,#867D82,#D6D3D6,#737375
https://i.redd.it/d8021b5i2moy.jpg,#ABCBDC,#BC89A9,#99928A
https://i.redd.it/4m5yk8gjrtzy.jpg,#C1998A,#563216,#6E2A11
http://i.imgur.com/Gh2I3pq.jpg,#74684E,#805B3E,#BB9C70
http://i.imgur.com/enhDnTM.jpg,#A2A7A9,#D2E5EC,#0D262F
http://i.imgur.com/lcEUZHv.jpg,#372A0D,#686902,#916B1A
https://i.redd.it/1nlgrn49x7ry.jpg,#836036,#472E28,#A78A6C
https://i.redd.it/m4cfqp8wfv5z.jpg,#AE7B46,#BCBD83,#260C0B
https://i.redd.it/xae65ypfqycy.jpg,#C4D2C7,#6F5A5D,#EFA29A
https://i.redd.it/s5viyluv421z.jpg,#3F392D,#898677,#A09D94
https://i.redd.it/h5t3qddvvzry.jpg,#96785C,#E0CDD2,#A6A7AC
https://i.redd.it/w5q6gldnvcuy.jpg,#828DA0,#907176,#CB866F
http://i.imgur.com/sXhEQez.jpg,#57565C,#56545F,#888B92
https://i.redd.it/cwljeujku33z.jpg,#54BCA1,#DAB4A9,#936EA1
https://i.redd.it/fsuv32a1cc9y.jpg,#DCD6D4,#6B5F6D,#565550
http://i.imgur.com/M3NOzLC.jpg,#65380F,#82603A,#C9A27B
https://i.redd.it/lsuw4p2ncyny.jpg,#D6C792,#986B27,#525370
http://i.imgur.com/tyDhTll.jpg,#999687,#362521,#C8BEB1
http://i.imgur.com/puEqa4C.jpg,#BC8789,#F05424,#734231
https://i.redd.it/ihczg3pmle3z.jpg,#98AE91,#0C1107,#A2A09B
https://i.redd.it/cpkq97klre4z.jpg,#A06B59,#ADC0A5,#AD8473
http://i.imgur.com/RycdbMO.jpg,#346989,#557961,#B4AFB7
https://i.redd.it/n9jq5j2tatcy.jpg,#60624D,#53673A,#D7C89D
https://i.redd.it/sn7ufk9fsv4z.jpg,#695343,#1BA180,#2D2540
http://i.imgur.com/pt9rmrv.jpg,#CAA6A8,#255172,#79454F
https://i.redd.it/0qow2dksb34z.jpg,#7A9464,#3C3813,#56860C
http://i.imgur.com/6pnYQUv.jpg,#C4D4EF,#A3CBF0,#0F63B9
https://i.redd.it/rubsfuf64lvy.jpg,#444A7A,#B8A48B,#B38D66
https://i.imgur.com/HRgRMOw.jpg,#F0EBF3,#DDC749,#801F0C
https://i.redd.it/7ofdqmp53bzy.jpg,#B4C4E8,#700817,#B49986
https://i.redd.it/nrafqoujmety.jpg,#2B1432,#F8CBB0,#6F4721
https://i.redd.it/c5pk0vnpg3ty.jpg,#0B1141,#1D1B1A,#8F97B0
https://i.redd.it/ftd3sx5ah13z.jpg,#F6E9B1,#9CAFA8,#B48968
http://i.imgur.com/qvnjbVw.jpg,#272C35,#808A96,#77848C
https://i.redd.it/ru12lvaf7jyy.jpg,#C1C0D2,#C1A19C,#BB7E8F
https://i.redd.it/ax4eueu0szpy.jpg,#4E4340,#5F7775,#8C674B
https://i.redd.it/tb5pckm6e72y.jpg,#261615,#534435,#A4A689
https://i.redd.it/guul6eld2soy.jpg,#811C18,#D1AB7A,#021A6E
https://i.redd.it/fyqzavufvjwy.jpg,#AE9990,#FDF6E7,#AFC7D1
http://i.imgur.com/FApqk3D.jpg,#0F89CA,#F5D24F,#F10028
http://i.imgur.com/TKLs9lo.jpg,#D4F2E2,#DB9526,#DCE5E0
http://i.imgur.com/enhDnTM.jpg,#1D333A,#E5E6E7,#092027
http://i.imgur.com/Gh2I3pq.jpg,#655556,#A79267,#E3DDD1
https://i.redd.it/d8021b5i2moy.jpg,#9DA3A3,#CECAE5,#CFA388
https://i.redd.it/4m5yk8gjrtzy.jpg,#7D4127,#9C6B5D,#5D2428
https://i.redd.it/1nlgrn49x7ry.jpg,#E7EEF5,#483B29,#E5E2DF
http://i.imgur.com/lcEUZHv.jpg,#757678,#A0E0A5,#C57EDE
https://i.redd.it/m4cfqp8wfv5z.jpg,#899155,#305C77,#938449
https://i.redd.it/s5viyluv421z.jpg,#C28E5F,#B69363,#B8B4B2
https://i.redd.it/xae65ypfqycy.jpg,#EDFCFF,#806365,#796B5E
https://i.redd.it/h5t3qddvvzry.jpg,#A7A49D,#B3945E,#493836
https://i.redd.it/w5q6gldnvcuy.jpg,#A6A2AB,#091D50,#AB8690
http://i.imgur.com/sXhEQez.jpg,#33313D,#747480,#A1A0A5
https://i.redd.it/cwljeujku33z.jpg,#E0A28B,#7D643C,#D6D9D0
https://i.redd.it/fsuv32a1cc9y.jpg,#B2AB81,#928670,#423A24
http://i.imgur.com/M3NOzLC.jpg,#758062,#7B4A20,#5F7C5C
http://i.imgur.com/tyDhTll.jpg,#FFF7E6,#6C4937,#978169
https://i.redd.it/lsuw4p2ncyny.jpg,#2F3452,#14511B,#3C4447
http://i.imgur.com/puEqa4C.jpg,#8B271B,#B5392F,#260B06
https://i.redd.it/ihczg3pmle3z.jpg,#131E24,#10171E,#697B6D
https://i.redd.it/cpkq97klre4z.jpg,#6F7F74,#67877A,#406B69
http://i.imgur.com/RycdbMO.jpg,#675D38,#AA99F1,#B7BCC4
https://i.redd.it/n9jq5j2tatcy.jpg,#645253,#92736E,#C8A9A3
https://i.redd.it/sn7ufk9fsv4z.jpg,#308273,#452D17,#8B3430
http://i.imgur.com/pt9rmrv.jpg,#F9DDDD,#05051D,#0C2053
https://i.redd.it/0qow2dksb34z.jpg,#A39E4D,#407C0E,#6C829A
http://i.imgur.com/6pnYQUv.jpg,#EEECE1,#68B6FF,#2D88BF
https://i.redd.it/rubsfuf64lvy.jpg,#A78760,#878D69,#9E8163
https://i.redd.it/7ofdqmp53bzy.jpg,#DEC8BD,#CEB49D,#5F5F61
https://i.redd.it/nrafqoujmety.jpg,#D7ADAD,#B2A0AE,#151E23
https://i.imgur.com/HRgRMOw.jpg,#6F3C1F,#6299B0,#53A6BA
https://i.redd.it/c5pk0vnpg3ty.jpg,#786B9F,#151A48,#7A7B7D
http://i.imgur.com/qvnjbVw.jpg,#5F6247,#0F1111,#5C5D65
https://i.redd.it/ru12lvaf7jyy.jpg,#BAAD9F,#9D8175,#644E35
https://i.redd.it/ftd3sx5ah13z.jpg,#844E2A,#E9DFC7,#977873
https://i.redd.it/ax4eueu0szpy.jpg,#8C8D85,#CFBFC1,#815646
https://i.redd.it/guul6eld2soy.jpg,#E4E5F6,#D59CA7,#5B3B3E
https://i.redd.it/tb5pckm6e72y.jpg,#D04757,#CD5869,#C4C4AE
https://i.redd.it/fyqzavufvjwy.jpg,#A8C0D4,#7E6753,#D3A687
http://i.imgur.com/FApqk3D.jpg,#48B76B,#E21929,#B2E1C1
http://i.imgur.com/TKLs9lo.jpg,#4D5766,#748575,#F9FEF4
http://i.imgur.com/enhDnTM.jpg,#232F33,#0C3643,#3F9CBA
http://i.imgur.com/Gh2I3pq.jpg,#BCA083,#CEAF83,#BDA082
https://i.redd.it/4m5yk8gjrtzy.jpg,#B27F61,#396482,#2998CF
https://i.redd.it/d8021b5i2moy.jpg,#CE9F69,#8B6B6C,#274A4C
http://i.imgur.com/lcEUZHv.jpg,#0F0511,#4F5F6F,#F7D37F
https://i.redd.it/1nlgrn49x7ry.jpg,#CDB088,#C3BAA7,#AF978F
https://i.redd.it/xae65ypfqycy.jpg,#9A4143,#B97C74,#883428
https://i.redd.it/s5viyluv421z.jpg,#3A1C06,#7B4727,#9F8260
https://i.redd.it/h5t3qddvvzry.jpg,#B49567,#91888B,#DDC1A8
https://i.redd.it/w5q6gldnvcuy.jpg,#D0E3E9,#AA378C,#863E86
https://i.redd.it/m4cfqp8wfv5z.jpg,#73762D,#67677F,#332E40
http://i.imgur.com/sXhEQez.jpg,#706F73,#AEADB2,#151416
https://i.redd.it/cwljeujku33z.jpg,#A64966,#96B87B,#7D6340
http://i.imgur.com/M3NOzLC.jpg,#090A01,#DEA66D,#D49669
https://i.redd.it/fsuv32a1cc9y.jpg,#8A706F,#391B19,#7C6D5A
http://i.imgur.com/tyDhTll.jpg,#201C1F,#371C07,#DECEA6
http://i.imgur.com/puEqa4C.jpg,#B48B9B,#FD5E36,#A21704
https://i.redd.it/ihczg3pmle3z.jpg,#2C3B2A,#969B97,#9EAE89
https://i.redd.it/lsuw4p2ncyny.jpg,#8D9C7F,#D1C849,#A1735C
https://i.redd.it/cpkq97klre4z.jpg,#A1977E,#656559,#5C5F4A
http://i.imgur.com/RycdbMO.jpg,#C7C874,#4E5E53,#D6C8C9
https://i.redd.it/n9jq5j2tatcy.jpg,#8F8A76,#7C6039,#3D351C
https://i.redd.it/sn7ufk9fsv4z.jpg,#B4323A,#8B1D1E,#8C2216
http://i.imgur.com/pt9rmrv.jpg,#EBA79A,#585369,#421F19
http://i.imgur.com/6pnYQUv.jpg,#007BC0,#4291DC,#FFFAE6
https://i.redd.it/0qow2dksb34z.jpg,#C5C7BE,#284E00,#34373A
https://i.redd.it/rubsfuf64lvy.jpg,#2E1F1A,#8B7140,#AF916F
https://i.redd.it/7ofdqmp53bzy.jpg,#766865,#C25E5E,#B28477
https://i.imgur.com/HRgRMOw.jpg,#325746,#345C2E,#17373A
https://i.redd.it/ru12lvaf7jyy.jpg,#A77483,#746C57,#D58EA2
https://i.redd.it/ftd3sx5ah13z.jpg,#1E2722,#90A3B3,#BFB7B7
http://i.imgur.com/qvnjbVw.jpg,#61663E,#A2A7B7,#87806D
https://i.redd.it/c5pk0vnpg3ty.jpg,#6A7EB0,#303030,#3D3F70
https://i.redd.it/nrafqoujmety.jpg,#6A3638,#97501A,#3A3844
https://i.redd.it/ax4eueu0szpy.jpg,#3C3533,#76707A,#DCD1C1
https://i.redd.it/tb5pckm6e72y.jpg,#BDC9C9,#C0866D,#69482A
https://i.redd.it/guul6eld2soy.jpg,#66718D,#135681,#140043
https://i.redd.it/fyqzavufvjwy.jpg,#97ABB4,#7C595B,#3B4542
http://i.imgur.com/FApqk3D.jpg,#CCE5F6,#036EBE,#754B33
http://i.imgur.com/TKLs9lo.jpg,#B7CCE9,#82849B,#F0F0FA
http://i.imgur.com/enhDnTM.jpg,#C3DAE3,#D1E8EF,#182A2F
https://i.redd.it/4m5yk8gjrtzy.jpg,#283E41,#978C8A,#B7A18B
https://i.redd.it/xae65ypfqycy.jpg,#98737A,#B6958C,#C68488
http://i.imgur.com/Gh2I3pq.jpg,#57472B,#B8AA8F,#A99390
http://i.imgur.com/lcEUZHv.jpg,#2CB2FB,#E2A1FF,#F9EBB1
https://i.redd.it/1nlgrn49x7ry.jpg,#493E3B,#442119,#353C4C
https://i.redd.it/d8021b5i2moy.jpg,#F1DEE3,#342A40,#68979E
https://i.redd.it/s5viyluv421z.jpg,#BFB9AD,#D9DBCF,#9C7F5D
https://i.redd.it/m4cfqp8wfv5z.jpg,#827950,#753C2B,#768987
https://i.redd.it/h5t3qddvvzry.jpg,#F5EEE0,#714E2C,#947F60
https://i.redd.it/w5q6gldnvcuy.jpg,#D3A49C,#1B0B0A,#344555
http://i.imgur.com/sXhEQez.jpg,#E7E7E9,#585B60,#848486
https://i.redd.it/cwljeujku33z.jpg,#461654,#FFE0F3,#E8A886
https://i.redd.it/fsuv32a1cc9y.jpg,#5E272A,#372215,#D3B5A9
http://i.imgur.com/M3NOzLC.jpg,#95310D,#9F2F08,#DEA768
http://i.imgur.com/tyDhTll.jpg,#E4D3AB,#3E2320,#A6A589
https://i.redd.it/lsuw4p2ncyny.jpg,#BE5C45,#E9C57D,#E7C5AE
http://i.imgur.com/puEqa4C.jpg,#4A2B27,#675654,#D32C10
https://i.redd.it/ihczg3pmle3z.jpg,#A7B2B6,#435444,#73876B
https://i.redd.it/cpkq97klre4z.jpg,#4D5A47,#87706A,#394F41
http://i.imgur.com/RycdbMO.jpg,#97729E,#3F5850,#2B5271
https://i.redd.it/n9jq5j2tatcy.jpg,#A49DA5,#878866,#C0A874
https://i.redd.it/sn7ufk9fsv4z.jpg,#503D34,#997865,#7D0D17
http://i.imgur.com/pt9rmrv.jpg,#626382,#5C4154,#D3A79C
http://i.imgur.com/6pnYQUv.jpg,#195DA4,#5AB2E2,#A6CDFF
https://i.redd.it/0qow2dksb34z.jpg,#A7BA60,#C7C5A0,#D3BD8E
https://i.redd.it/rubsfuf64lvy.jpg,#89875E,#8B6D55,#B29671
https://i.redd.it/7ofdqmp53bzy.jpg,#C19690,#E7D3AC,#331316
https://i.redd.it/ru12lvaf7jyy.jpg,#8A453C,#977663,#BEA2C5
https://i.redd.it/nrafqoujmety.jpg,#A9779A,#E5A79A,#513C43
https://i.redd.it/c5pk0vnpg3ty.jpg,#29304E,#8991A0,#A3AFBD
http://i.imgur.com/qvnjbVw.jpg,#828163,#859096,#604D2A
https://i.imgur.com/HRgRMOw.jpg,#B07F44,#A54F38,#785E2C
https://i.redd.it/ax4eueu0szpy.jpg,#D8C7B9,#7B8972,#203C45
https://i.redd.it/guul6eld2soy.jpg,#EEE8C2,#152860,#A6B5C6
https://i.redd.it/ftd3sx5ah13z.jpg,#E3ECE7,#B15443,#553036
https://i.redd.it/tb5pckm6e72y.jpg,#5A4D3B,#777D7D,#C72A3D
https://i.redd.it/fyqzavufvjwy.jpg,#230C08,#814F36,#D3B79B
http://i.imgur.com/FApqk3D.jpg,#01BB4C,#EB5D73,#427B36
http://i.imgur.com/TKLs9lo.jpg,#FCF9E6,#A3ABA6,#565B57
http://i.imgur.com/Gh2I3pq.jpg,#B0938D,#7B5732,#764C1C
https://i.redd.it/d8021b5i2moy.jpg,#7D4017,#A8A39F,#A9767D
https://i.redd.it/4m5yk8gjrtzy.jpg,#890300,#F7FFFF,#4F7FC9
http://i.imgur.com/enhDnTM.jpg,#858788,#202C2F,#1C8DB1
https://i.redd.it/1nlgrn49x7ry.jpg,#6B4D33,#D7C094,#3D4138
http://i.imgur.com/lcEUZHv.jpg,#D2B1A2,#F1D3C3,#172617
https://i.redd.it/xae65ypfqycy.jpg,#CEBEC1,#DFCAC1,#694851
https://i.redd.it/s5viyluv421z.jpg,#705631,#EDD1AB,#777569
https://i.redd.it/m4cfqp8wfv5z.jpg,#813F34,#75867E,#354670
https://i.redd.it/w5q6gldnvcuy.jpg,#3A2017,#465C8C,#B46368
https://i.redd.it/h5t3qddvvzry.jpg,#291805,#89816C,#7B5F51
http://i.imgur.com/M3NOzLC.jpg,#A8701B,#68422B,#9B8D6A
https://i.redd.it/lsuw4p2ncyny.jpg,#6D7588,#2D2D39,#D4D5E6
http://i.imgur.com/sXhEQez.jpg,#9F9F9D,#2D2940,#7C7C7E
https://i.redd.it/fsuv32a1cc9y.jpg,#926C6B,#E18582,#C5A399
https://i.redd.it/cwljeujku33z.jpg,#D5A8D3,#754D8C,#B0B1AB
http://i.imgur.com/tyDhTll.jpg,#828363,#0D0A17,#272A2D
http://i.imgur.com/puEqa4C.jpg,#F55732,#9A7A89,#FC4734
https://i.redd.it/ihczg3pmle3z.jpg,#294232,#4B5048,#0C1A0F
https://i.redd.it/cpkq97klre4z.jpg,#9E6762,#6C796F,#A3A18C
http://i.imgur.com/RycdbMO.jpg,#B3B09D,#CAB8C6,#0083C9
https://i.redd.it/n9jq5j2tatcy.jpg,#8B7037,#96632A,#5E3E23
https://i.redd.it/sn7ufk9fsv4z.jpg,#9E5B52,#666D59,#857172
http://i.imgur.com/pt9rmrv.jpg,#47313A,#5C2D31,#3D1919
https://i.redd.it/0qow2dksb34z.jpg,#86B45B,#DCF0FD,#748E8F
http://i.imgur.com/6pnYQUv.jpg,#CFE8FF,#E2F2F1,#4593E6
https://i.redd.it/rubsfuf64lvy.jpg,#9A9FBF,#98A2C7,#B18F6C
https://i.redd.it/nrafqoujmety.jpg,#9C6D39,#FFD0A0,#697082
https://i.imgur.com/HRgRMOw.jpg,#37658D,#D4967F,#B6689C
https://i.redd.it/ru12lvaf7jyy.jpg,#AC788E,#DAC49F,#50171A
https://i.redd.it/c5pk0vnpg3ty.jpg,#6D77AA,#AEB3DB,#9395D0
https://i.redd.it/ftd3sx5ah13z.jpg,#D9A7B0,#7C3613,#D2C3B0
http://i.imgur.com/qvnjbVw.jpg,#AFC0C4,#35333C,#92A0AD
https://i.redd.it/7ofdqmp53bzy.jpg,#B97779,#220F05,#DF9B90
https://i.redd.it/ax4eueu0szpy.jpg,#D3D1DE,#673C33,#697C83
https://i.redd.it/tb5pckm6e72y.jpg,#86634D,#EFB240,#44372D
https://i.redd.it/guul6eld2soy.jpg,#1461E5,#31434F,#9C5E37
https://i.redd.it/fyqzavufvjwy.jpg,#E8D5C1,#CBA078,#FCC1A3
http://i.imgur.com/FApqk3D.jpg,#A0352B,#00BB4B,#007DC1
http://i.imgur.com/TKLs9lo.jpg,#D6DCC2,#D3DEE6,#728776
http://i.imgur.com/Gh2I3pq.jpg,#BB8760,#DFBCAB,#F9CEA6
http://i.imgur.com/enhDnTM.jpg,#97B0B8,#8F9191,#6D8086
https://i.redd.it/d8021b5i2moy.jpg,#291B26,#D7E0CD,#955F3B
https://i.redd.it/4m5yk8gjrtzy.jpg,#522013,#22A2E1,#834A15
http://i.imgur.com/lcEUZHv.jpg,#FDEAEF,#FFE5E6,#AFD4E8
https://i.redd.it/1nlgrn49x7ry.jpg,#DCB36D,#D7A04F,#E9E8E0
https://i.redd.it/m4cfqp8wfv5z.jpg,#253F42,#82723E,#746345
https://i.redd.it/xae65ypfqycy.jpg,#DEECEB,#D4C7CD,#7A5D58
https://i.redd.it/s5viyluv421z.jpg,#D2914D,#A76535,#B9946A
https://i.redd.it/h5t3qddvvzry.jpg,#8C6D4E,#384951,#737782
https://i.redd.it/w5q6gldnvcuy.jpg,#E4EDCC,#A797A2,#625B59
http://i.imgur.com/sXhEQez.jpg,#6E6D71,#B8B8BC,#3A3841
https://i.redd.it/cwljeujku33z.jpg,#7B6977,#D2889F,#CBB492
https://i.redd.it/fsuv32a1cc9y.jpg,#8A6048,#E4D9D1,#9E8D71
http://i.imgur.com/M3NOzLC.jpg,#B87B4E,#D5A687,#696C4F
https://i.redd.it/lsuw4p2ncyny.jpg,#B6B982,#F6A850,#484163
http://i.imgur.com/tyDhTll.jpg,#555235,#231300,#EED8B5
http://i.imgur.com/puEqa4C.jpg,#B25A50,#F94A35,#BD432A
https://i.redd.it/cpkq97klre4z.jpg,#467160,#889D8C,#7B7E73
https://i.redd.it/ihczg3pmle3z.jpg,#7B807C,#142B2E,#5D6E68
http://i.imgur.com/RycdbMO.jpg,#97BED1,#372C31,#C4C462
https://i.redd.it/n9jq5j2tatcy.jpg,#A28587,#524630,#67392D
https://i.redd.it/sn7ufk9fsv4z.jpg,#9D2A2F,#802D33,#B9A4A9
http://i.imgur.com/pt9rmrv.jpg,#242D4C,#665A64,#26070B
https://i.redd.it/0qow2dksb34z.jpg,#E2D5B5,#7094AA,#98C552
http://i.imgur.com/6pnYQUv.jpg,#127EDE,#45779C,#B5EAFF
https://i.redd.it/rubsfuf64lvy.jpg,#080C2E,#A5A9AD,#BEB0A9
https://i.redd.it/7ofdqmp53bzy.jpg,#7C1429,#CED5D1,#BDA893
https://i.imgur.com/HRgRMOw.jpg,#B98776,#CDC6BE,#113567
https://i.redd.it/c5pk0vnpg3ty.jpg,#DEEDF2,#6378C7,#D5E4DD
https://i.redd.it/ru12lvaf7jyy.jpg,#41473B,#E9C7D2,#7B4E4B
http://i.imgur.com/qvnjbVw.jpg,#574E2F,#7A7756,#B5B0B6
https://i.redd.it/nrafqoujmety.jpg,#FFD09D,#6B2F22,#703E25
https://i.redd.it/ftd3sx5ah13z.jpg,#D8D6B9,#515135,#675350
https://i.redd.it/ax4eueu0szpy.jpg,#214008,#6D818A,#6E523B
https://i.redd.it/tb5pckm6e72y.jpg,#F896AD,#B78576,#5D4531
https://i.redd.it/guul6eld2soy.jpg,#7B8678,#50636A,#8A7EA2
https://i.redd.it/fyqzavufvjwy.jpg,#AF8E6F,#7F7363,#C7B1A4
http://i.imgur.com/FApqk3D.jpg,#6EBADC,#F5C819,#F0F7FD
http://i.imgur.com/TKLs9lo.jpg,#EFF9EC,#FCF9FF,#C7D2E0
http://i.imgur.com/enhDnTM.jpg,#88A0A8,#5EABC3,#324B52
https://i.redd.it/4m5yk8gjrtzy.jpg,#652A20,#5E1701,#ECE4E6
http://i.imgur.com/Gh2I3pq.jpg,#6D645F,#6D4E49,#725631
http://i.imgur.com/lcEUZHv.jpg,#1A121B,#D7BD70,#5E356B
https://i.redd.it/d8021b5i2moy.jpg,#A4EED9,#97C9B8,#F3B9B7
https://i.redd.it/m4cfqp8wfv5z.jpg,#837256,#7F613D,#3A4533
https://i.redd.it/1nlgrn49x7ry.jpg,#C4BAA3,#66563F,#4E362A
https://i.redd.it/xae65ypfqycy.jpg,#603F44,#655651,#DFDED5
https://i.redd.it/s5viyluv421z.jpg,#BFB7AE,#945A35,#CDC9C0
https://i.redd.it/h5t3qddvvzry.jpg,#9C8E73,#CBAD9F,#C9CECB
https://i.redd.it/w5q6gldnvcuy.jpg,#2C4267,#3E4378,#704771
http://i.imgur.com/sXhEQez.jpg,#3C3D47,#C1C1C3,#B7B8BF
https://i.redd.it/cwljeujku33z.jpg,#F3BA99,#8AB776,#539647
https://i.redd.it/fsuv32a1cc9y.jpg,#7B805F,#FBAC97,#582027
http://i.imgur.com/M3NOzLC.jpg,#630F01,#B63D0E,#6E3D34
https://i.redd.it/lsuw4p2ncyny.jpg,#8D743C,#E8C56B,#557834
http://i.imgur.com/puEqa4C.jpg,#535361,#C43F2E,#504738
http://i.imgur.com/tyDhTll.jpg,#F1DABD,#9A9792,#726A5B
https://i.redd.it/ihczg3pmle3z.jpg,#4B4F44,#3D4A36,#323339
https://i.redd.it/cpkq97klre4z.jpg,#69827C,#426F5E,#77705C
http://i.imgur.com/RycdbMO.jpg,#51694D,#07141B,#695A57
https://i.redd.it/n9jq5j2tatcy.jpg,#614931,#CBA75D,#A3B0A6
https://i.redd.it/sn7ufk9fsv4z.jpg,#0E896D,#9C896B,#A7A6B6
http://i.imgur.com/pt9rmrv.jpg,#B26761,#83626B,#C45B6F
http://i.imgur.com/6pnYQUv.jpg,#89A7C9,#616E5A,#8B6EAE
https://i.redd.it/0qow2dksb34z.jpg,#63581E,#AFBBA2,#705D32
https://i.redd.it/rubsfuf64lvy.jpg,#80917F,#605923,#797FAF
https://i.imgur.com/HRgRMOw.jpg,#6D8853,#715363,#8C4941
https://i.redd.it/7ofdqmp53bzy.jpg,#EEF2FF,#C8AA86,#E2C7A6
https://i.redd.it/ftd3sx5ah13z.jpg,#7C484B,#F3C38F,#805A29
https://i.redd.it/ru12lvaf7jyy.jpg,#9B8E86,#BD9B80,#EBBDC9
https://i.redd.it/nrafqoujmety.jpg,#B68D9F,#E08D7F,#72634E
https://i.redd.it/c5pk0vnpg3ty.jpg,#718CD5,#14121E,#626E86
http://i.imgur.com/qvnjbVw.jpg,#5B472A,#634E3B,#55595A
https://i.redd.it/ax4eueu0szpy.jpg,#90A7AF,#0D1513,#936F63
https://i.redd.it/tb5pckm6e72y.jpg,#411808,#D15357,#A79082
https://i.redd.it/guul6eld2soy.jpg,#EBD478,#606756,#D65B22
https://i.redd.it/fyqzavufvjwy.jpg,#AB9D9C,#797166,#6A3D1C
http://i.imgur.com/FApqk3D.jpg,#FABAC4,#FBDF87,#50BA72
http://i.imgur.com/TKLs9lo.jpg,#818787,#2964DA,#FF870E
http://i.imgur.com/enhDnTM.jpg,#1C88AB,#0D4F65,#C3CFD3
http://i.imgur.com/Gh2I3pq.jpg,#413A24,#948D71,#BDA17E
https://i.redd.it/4m5yk8gjrtzy.jpg,#3D272A,#946F67,#802D1D
https://i.redd.it/d8021b5i2moy.jpg,#AD0D25,#CBD5EA,#FFF0B7
http://i.imgur.com/lcEUZHv.jpg,#D088F8,#3A1147,#909196
https://i.redd.it/1nlgrn49x7ry.jpg,#C19A70,#777276,#C1BCB8
https://i.redd.it/m4cfqp8wfv5z.jpg,#C6B583,#AAC4CB,#C5B586
https://i.redd.it/xae65ypfqycy.jpg,#6D4B57,#867070,#D43C27
https://i.redd.it/s5viyluv421z.jpg,#D49B54,#845E2F,#AB7D5D
https://i.redd.it/h5t3qddvvzry.jpg,#C19467,#B68658,#8E613A
https://i.redd.it/w5q6gldnvcuy.jpg,#64453E,#2F201B,#FAD2D6
http://i.imgur.com/sXhEQez.jpg,#0C0B0F,#CACACE,#929199
https://i.redd.it/cwljeujku33z.jpg,#4F474A,#FDD8CA,#502C6C
https://i.redd.it/lsuw4p2ncyny.jpg,#9AA1A4,#FFECD6,#967A48
https://i.redd.it/fsuv32a1cc9y.jpg,#6D5B4F,#969966,#31130F
http://i.imgur.com/M3NOzLC.jpg,#878C6E,#BF582B,#753122
http://i.imgur.com/puEqa4C.jpg,#463A22,#86798B,#A3868A
http://i.imgur.com/tyDhTll.jpg,#726F4C,#655B50,#555235
https://i.redd.it/ihczg3pmle3z.jpg,#39474E,#828483,#292F23
https://i.redd.it/cpkq97klre4z.jpg,#728069,#8C8A7D,#B88977
http://i.imgur.com/RycdbMO.jpg,#688D86,#A5ABB7,#A3C191
https://i.redd.it/n9jq5j2tatcy.jpg,#A5643E,#1A2C38,#606A50
https://i.redd.it/sn7ufk9fsv4z.jpg,#081112,#772025,#AE0705
http://i.imgur.com/pt9rmrv.jpg,#7A3732,#80616F,#D5AAB0
http://i.imgur.com/6pnYQUv.jpg,#1378C0,#CED3E3,#6CB7F8
https://i.redd.it/0qow2dksb34z.jpg,#968F34,#202000,#588A7E
https://i.redd.it/rubsfuf64lvy.jpg,#B59B82,#8F91E6,#6D7156
https://i.redd.it/7ofdqmp53bzy.jpg,#C09586,#F2D1AA,#7D5450
https://i.imgur.com/HRgRMOw.jpg,#3195B9,#5B7462,#86A9AD
https://i.redd.it/nrafqoujmety.jpg,#8E755E,#8AB1B8,#372857
https://i.redd.it/c5pk0vnpg3ty.jpg,#454C81,#32333D,#666B89
http://i.imgur.com/qvnjbVw.jpg,#5D5731,#B4BABC,#9895A6
https://i.redd.it/ru12lvaf7jyy.jpg,#77413D,#191321,#9E8281
https://i.redd.it/ftd3sx5ah13z.jpg,#563F21,#4E1E06,#513C39
https://i.redd.it/ax4eueu0szpy.jpg,#666F5A,#B9B5B4,#546A54
https://i.redd.it/tb5pckm6e72y.jpg,#010C02,#BC825F,#513B2A
https://i.redd.it/guul6eld2soy.jpg,#D6886C,#025EC9,#AF8D72
https://i.redd.it/fyqzavufvjwy.jpg,#745553,#B77457,#BB8B67
http://i.imgur.com/Gh2I3pq.jpg,#635D45,#623F21,#E9C0A0
http://i.imgur.com/enhDnTM.jpg,#646B6E,#71858B,#132227
https://i.redd.it/m4cfqp8wfv5z.jpg,#AEB69E,#593A19,#A7916C
https://i.redd.it/lsuw4p2ncyny.jpg,#CEB3BA,#C3AAC9,#EFF8FF
